Product Name,Discount Band Label,Total_Leakage,Line_Items,Category,Region_Most_Common
Cubify 3D Printer Pro,80%,7787.745781429605,3,Technology,Central
Canon imageCLASS Copier Classic,50%,5176.71240824084,1,Technology,East
Hewlett Packard Copier Deluxe,30%,5128.154920635113,3,Technology,East
Canon imageCLASS Copier Classic,70%,4311.004214873483,1,Technology,Central
Canon imageCLASS Copier Value,30%,4219.775346425569,4,Technology,Central
Hewlett Packard Copier Pro,40%,4146.661951197833,2,Technology,Central
Zebra Label Printer Pro,80%,3193.534700155812,1,Technology,East
Canon imageCLASS Copier Pro,70%,3153.237463354446,1,Technology,Central
Canon imageCLASS Copier Classic,40%,3094.2125227765623,3,Technology,Central
Hewlett Packard Copier Classic,50%,2945.9834310613232,1,Technology,East
Canon imageCLASS Copier Pro,60%,2850.1599343585535,1,Technology,West
Cubify 3D Printer Deluxe,50%,2718.9181820664744,2,Technology,East
Hewlett Packard Copier Classic,40%,2621.143084206093,1,Technology,East
Canon imageCLASS Copier Deluxe,40%,2515.5782964253085,2,Technology,Central
Canon imageCLASS Copier Standard,70%,2446.737301989533,1,Technology,East
Hewlett Packard Copier Deluxe,60%,2430.5136464454617,1,Technology,South
Lexmark Printer Standard,40%,2414.492757163851,3,Technology,West
Cubify 3D Printer Deluxe,40%,2406.8039346433025,3,Technology,Central
Canon imageCLASS Copier Standard,30%,2388.0160433037754,2,Technology,Central
Hewlett Packard Copier Value,70%,2306.4968994822875,1,Technology,Central
Cubify 3D Printer Pro,40%,2235.9886809763,1,Technology,East
Bevis Table Classic,50%,2063.441368271589,5,Furniture,East
Zebra Label Printer Classic,60%,2061.9244998450213,1,Technology,Central
Canon imageCLASS Copier Pro,40%,1992.360808912625,1,Technology,Central
Hewlett Packard Copier Deluxe,50%,1934.1655158982362,1,Technology,West
Lexmark Printer Classic,70%,1909.6361602361221,1,Technology,South
Lexmark Printer Deluxe,40%,1841.5152511338406,3,Technology,Central
Bretford Conference Table Classic,80%,1759.2372712017554,1,Furniture,East
Canon imageCLASS Copier Value,60%,1743.713397450481,1,Technology,Central
Zebra Label Printer Value,70%,1714.011294230695,1,Technology,Central
Cubify 3D Printer Value,30%,1650.27929290026,3,Technology,Central
Canon imageCLASS Copier Value,40%,1592.8032970009533,1,Technology,South
Chromcraft Round Table Deluxe,70%,1576.7842734822082,1,Furniture,South
Zebra Label Printer Pro,30%,1538.8523690287054,3,Technology,Central
Lexmark Printer Classic,50%,1514.9037523104225,1,Technology,Central
Cisco IP Phone Standard,60%,1508.980310752666,1,Technology,Central
Zebra Label Printer Value,40%,1507.0875690984076,2,Technology,Central
Zebra Label Printer Classic,70%,1506.6340389650338,1,Technology,West
Chromcraft Round Table Deluxe,40%,1422.972912869498,4,Furniture,Central
Lexmark Printer Deluxe,30%,1409.1610242218385,3,Technology,Central
Bretford Conference Table Pro,30%,1408.646545870291,4,Furniture,Central
Samsung Galaxy Dock Value,40%,1404.4454423561956,3,Technology,East
Zebra Label Printer Deluxe,40%,1384.8515706440176,2,Technology,Central
Sauder Bookcase Deluxe,80%,1330.665910868554,1,Furniture,South
Lexmark Printer Value,30%,1301.6099056600024,2,Technology,East
O'Sullivan Bookcase Standard,30%,1287.1534137293613,5,Furniture,East
Canon imageCLASS Copier Standard,50%,1272.2756018741675,1,Technology,Central
Hewlett Packard Copier Pro,50%,1266.2524675798163,1,Technology,Central
O'Sullivan Bookcase Pro,30%,1264.5589730015217,4,Furniture,East
Canon imageCLASS Copier Pro,30%,1259.92929495373,2,Technology,Central
Bretford Conference Table Deluxe,50%,1245.070899806377,2,Furniture,Central
Zebra Label Printer Classic,30%,1219.4149212858742,3,Technology,Central
Bevis Table Pro,60%,1215.5533192203434,1,Furniture,East
Canon imageCLASS Copier Standard,60%,1211.5061497767317,1,Technology,South
Cubify 3D Printer Classic,40%,1164.1952361341027,2,Technology,South
Apple iPhone Accessory Value,80%,1151.9969779014928,1,Technology,Central
Hewlett Packard Copier Value,30%,1143.3411838805123,1,Technology,South
Canon imageCLASS Copier Deluxe,30%,1143.3112444404687,1,Technology,South
Bush Classic Bookcase Pro,80%,1139.0366685109968,1,Furniture,East
Zebra Label Printer Value,80%,1135.1141444450466,1,Technology,South
Cubify 3D Printer Pro,60%,1111.0495132057927,1,Technology,East
Canon imageCLASS Copier Classic,80%,1109.2178893239093,1,Technology,East
Bretford Conference Table Value,30%,1103.4413656161832,2,Furniture,Central
Harbour Creations Chair Deluxe,40%,1103.2048349383506,4,Furniture,Central
Cubify 3D Printer Pro,30%,1095.9048372185052,2,Technology,West
Bevis Table Standard,50%,1093.7368959339099,2,Furniture,South
Cisco IP Phone Classic,30%,1064.0898364942348,2,Technology,East
O'Sullivan Bookcase Pro,50%,1062.3016037372836,2,Furniture,Central
Bevis Table Deluxe,30%,1047.417809105829,4,Furniture,Central
Bevis Table Value,60%,1047.2008501355363,1,Furniture,Central
Bush Classic Bookcase Deluxe,30%,1039.4194478327026,5,Furniture,East
Chromcraft Round Table Value,30%,1036.5781602463628,3,Furniture,Central
Bevis Table Deluxe,40%,1034.2239066305237,1,Furniture,East
Zebra Label Printer Value,30%,1034.0571279907722,1,Technology,South
Harbour Creations Chair Pro,50%,1009.920924312725,2,Furniture,Central
Canon imageCLASS Copier Value,70%,1008.9718442111156,1,Technology,West
Sauder Bookcase Value,80%,1006.582375664902,1,Furniture,West
Chromcraft Round Table Classic,30%,1002.0762742444081,3,Furniture,West
Chromcraft Round Table Deluxe,80%,996.7368565896477,1,Furniture,West
Bretford Conference Table Deluxe,40%,992.0073586334497,3,Furniture,West
Lexmark Printer Classic,30%,985.0863918214905,4,Technology,West
Cubify 3D Printer Standard,70%,981.8998960975659,1,Technology,West
Chromcraft Round Table Standard,50%,978.7645192203433,1,Furniture,Central
Zebra Label Printer Standard,60%,965.7705079872735,1,Technology,South
Hewlett Packard Copier Standard,30%,951.5029176596556,1,Technology,South
Bush Classic Bookcase Pro,40%,947.7061112508331,4,Furniture,Central
O'Sullivan Bookcase Pro,60%,940.825360304566,1,Furniture,West
Hewlett Packard Copier Classic,30%,940.333943816077,1,Technology,West
Chromcraft Round Table Value,40%,926.6894951163891,3,Furniture,Central
Harbour Creations Chair Deluxe,70%,917.1683976361032,1,Furniture,Central
Bevis Table Standard,40%,906.142474248096,2,Furniture,East
Samsung Galaxy Dock Classic,40%,898.3416746147644,1,Technology,Central
Lexmark Printer Pro,50%,897.8923910546423,2,Technology,East
Bretford Conference Table Classic,60%,896.6417449335227,1,Furniture,Central
Hewlett Packard Copier Pro,30%,890.3564155848394,1,Technology,South
Hewlett Packard Copier Deluxe,70%,883.2834711218594,1,Technology,East
Zebra Label Printer Standard,50%,878.9722384131363,2,Technology,West
Hoover Vacuum Deluxe,60%,872.6222302916426,2,Office Supplies,South
Zebra Label Printer Classic,50%,870.9372589286085,2,Technology,East
Cisco IP Phone Pro,50%,868.9276582264004,2,Technology,East
Bretford Conference Table Standard,40%,861.6803345811282,4,Furniture,West
Zebra Label Printer Deluxe,50%,850.8073431671385,1,Technology,Central
Samsung Galaxy Dock Deluxe,60%,836.2031385473522,3,Technology,West
Zebra Label Printer Value,50%,833.6116522266095,1,Technology,East
Hewlett Packard Copier Standard,40%,824.1739496987901,1,Technology,West
O'Sullivan Bookcase Classic,40%,821.3850743181218,3,Furniture,East
Samsung Galaxy Dock Deluxe,40%,819.0892486879205,2,Technology,East
Apple iPhone Accessory Classic,50%,818.0698830328531,2,Technology,Central
Cubify 3D Printer Value,60%,799.8122309446567,2,Technology,West
Bush Classic Bookcase Classic,30%,787.1934891792313,3,Furniture,West
Avanti Refrigerator Deluxe,60%,782.0289711594414,3,Office Supplies,Central
Hon Task Chair Value,30%,780.687542425317,4,Furniture,East
Bretford Conference Table Value,50%,779.1712577772041,2,Furniture,Central
Chromcraft Round Table Classic,50%,774.6778396798761,1,Furniture,South
Global Deluxe Chair Standard,70%,769.5300132492043,1,Furniture,West
Apple iPhone Accessory Deluxe,80%,739.6070118544694,1,Technology,Central
Hewlett Packard Copier Value,50%,732.7038400450663,1,Technology,East
Lexmark Printer Pro,40%,729.2062703689493,1,Technology,East
Global Deluxe Chair Classic,30%,728.0890060568269,3,Furniture,Central
Bush Classic Bookcase Classic,40%,707.867010487532,2,Furniture,East
Lexmark Printer Standard,30%,688.43832746482,2,Technology,Central
SAFCO Storage Bin Classic,70%,684.2043241507068,2,Office Supplies,East
Lexmark Printer Value,40%,670.5872451156449,1,Technology,West
Harbour Creations Chair Value,30%,669.2455456454262,3,Furniture,South
Apple iPhone Accessory Classic,60%,669.0381965912622,1,Technology,Central
Honeywell Fan Classic,80%,660.4338826773893,1,Office Supplies,West
Zebra Label Printer Standard,30%,656.8977334732004,3,Technology,Central
Bretford Conference Table Pro,50%,649.1731481089455,1,Furniture,West
Harbour Creations Chair Pro,30%,644.4340302754672,3,Furniture,East
Bevis Table Value,50%,643.2268735252355,1,Furniture,South
Lexmark Printer Standard,50%,638.8917781493542,1,Technology,East
Apple iPhone Accessory Deluxe,50%,637.9276094892947,2,Technology,West
O'Sullivan Bookcase Standard,40%,633.9662014134276,1,Furniture,West
Cisco IP Phone Standard,40%,631.5178742024101,2,Technology,East
Hoover Vacuum Value,60%,628.4624743363235,1,Office Supplies,West
Bretford Conference Table Pro,70%,623.5366038466503,1,Furniture,East
Sauder Bookcase Pro,40%,623.2816627265069,2,Furniture,West
Sauder Bookcase Standard,50%,620.7104531016184,2,Furniture,East
Hewlett Packard Copier Standard,50%,616.1553103163856,1,Technology,South
Hoover Vacuum Deluxe,40%,610.9663184051063,3,Office Supplies,West
Bush Classic Bookcase Standard,50%,609.0191299624007,1,Furniture,East
Fellowes File Cart Classic,80%,608.2719446896331,1,Office Supplies,Central
Samsung Galaxy Dock Standard,70%,604.6567658645808,1,Technology,East
Samsung Galaxy Dock Classic,30%,600.3913763238245,3,Technology,Central
Samsung Galaxy Dock Value,60%,595.9719263214686,1,Technology,East
Bretford Conference Table Value,60%,593.6616625790629,1,Furniture,Central
Canon imageCLASS Copier Classic,30%,590.7272125885437,1,Technology,West
Harbour Creations Chair Classic,30%,590.0453467758146,3,Furniture,East
O'Sullivan Bookcase Pro,40%,588.942531594633,1,Furniture,Central
Honeywell Fan Pro,40%,588.4290168674934,3,Office Supplies,East
Samsung Galaxy Dock Value,30%,582.0815826813675,1,Technology,Central
Global Deluxe Chair Classic,70%,580.6316805558124,1,Furniture,South
Fellowes File Cart Pro,40%,572.7141228262009,5,Office Supplies,East
Apple iPhone Accessory Pro,40%,566.8835493419108,1,Technology,East
Hon Task Chair Classic,50%,561.4791213901452,1,Furniture,East
Bretford Conference Table Pro,60%,559.733019491416,1,Furniture,South
Hoover Vacuum Value,80%,556.6790744574131,2,Office Supplies,South
Global Deluxe Chair Standard,30%,556.0169759972438,3,Furniture,East
Hoover Vacuum Standard,70%,551.8115922589536,2,Office Supplies,Central
Sauder Bookcase Classic,50%,538.1595760471813,2,Furniture,Central
SAFCO Storage Bin Pro,40%,537.1894419080071,4,Office Supplies,East
Bush Classic Bookcase Value,60%,537.0846751883103,2,Furniture,Central
Harbour Creations Chair Deluxe,30%,535.1507262246076,3,Furniture,West
Cubify 3D Printer Deluxe,30%,531.7456014843732,1,Technology,Central
Hon Task Chair Standard,50%,527.0702768950791,2,Furniture,West
Avanti Refrigerator Classic,50%,517.6571451127732,3,Office Supplies,South
Bevis Table Pro,30%,516.4676536908297,2,Furniture,Central
Bevis Table Standard,70%,514.4138690245686,1,Furniture,Central
O'Sullivan Bookcase Value,50%,512.4573406938873,1,Furniture,South
Avanti Refrigerator Deluxe,40%,507.34333642088785,3,Office Supplies,Central
Honeywell Fan Pro,80%,502.61731855927303,1,Office Supplies,East
Global Deluxe Chair Classic,40%,497.78567678778313,1,Furniture,East
Cubify 3D Printer Pro,70%,497.123772972765,1,Technology,Central
Bretford Conference Table Classic,30%,495.25314226705274,4,Furniture,Central
Bretford Conference Table Deluxe,30%,482.3799443840012,2,Furniture,Central
Lexmark Printer Deluxe,50%,482.23523889266477,1,Technology,West
O'Sullivan Bookcase Classic,30%,479.5513218817198,3,Furniture,Central
Lexmark Printer Value,60%,467.1633133251882,1,Technology,Central
Fellowes File Cart Deluxe,60%,465.0447732461713,1,Office Supplies,Central
O'Sullivan Bookcase Value,30%,459.92546319932603,2,Furniture,East
Cubify 3D Printer Pro,50%,459.5046944987677,1,Technology,East
Avanti Refrigerator Pro,40%,453.12911980266654,3,Office Supplies,Central
Zebra Label Printer Deluxe,30%,445.4186151093313,1,Technology,West
Harbour Creations Chair Value,40%,441.5355776224228,1,Furniture,West
O'Sullivan Bookcase Value,40%,434.7613208757215,2,Furniture,Central
Cisco IP Phone Classic,50%,434.283492667034,2,Technology,Central
Samsung Galaxy Dock Standard,50%,419.0075700935471,1,Technology,East
Avanti Refrigerator Classic,40%,418.51810827780673,3,Office Supplies,Central
Avanti Refrigerator Standard,30%,409.3310388307573,3,Office Supplies,East
Apple iPhone Accessory Value,30%,404.64031862337254,1,Technology,East
Chromcraft Round Table Deluxe,30%,387.6989167050841,1,Furniture,Central
Chromcraft Round Table Pro,60%,386.76110416935586,1,Furniture,Central
Apple iPhone Accessory Standard,60%,381.83934386134564,1,Technology,West
Harbour Creations Chair Value,70%,381.6287980922522,1,Furniture,East
Hoover Vacuum Classic,30%,378.4671623089176,4,Office Supplies,South
Global Deluxe Chair Value,40%,373.9200433625536,1,Furniture,Central
Bevis Table Classic,30%,371.34144974091356,1,Furniture,West
Fellowes File Cart Classic,40%,369.4619762951455,3,Office Supplies,Central
Lexmark Printer Pro,60%,364.380509947085,1,Technology,West
Bush Classic Bookcase Pro,30%,358.2997020987639,1,Furniture,South
Cubify 3D Printer Value,50%,353.2738958659099,1,Technology,West
Global Deluxe Chair Pro,40%,351.0982660892706,1,Furniture,East
SAFCO Storage Bin Deluxe,30%,347.0026732422722,3,Office Supplies,Central
Harbour Creations Chair Pro,80%,341.73151025008497,1,Furniture,East
Avanti Refrigerator Deluxe,50%,334.52437919705966,2,Office Supplies,Central
Bevis Table Classic,80%,327.67636530269783,1,Furniture,Central
Bevis Table Pro,80%,327.60187608106366,1,Furniture,Central
Honeywell Fan Classic,30%,317.49910205541016,4,Office Supplies,Central
Global Deluxe Chair Deluxe,60%,309.05774466289466,1,Furniture,South
Avanti Refrigerator Pro,30%,307.33410853899045,1,Office Supplies,East
Samsung Galaxy Dock Pro,70%,305.73771076200694,1,Technology,West
SAFCO Storage Bin Pro,60%,304.9277401986543,1,Office Supplies,West
Bevis Table Classic,70%,298.9385029904049,1,Furniture,Central
Hon Task Chair Pro,70%,298.1470358868794,2,Furniture,Central
IRIS Storage Box Standard,40%,295.5401269389664,3,Office Supplies,West
Hoover Vacuum Value,30%,289.08673354889083,5,Office Supplies,West
Fellowes File Cart Deluxe,30%,287.4238756855558,4,Office Supplies,East
Bretford Conference Table Value,40%,287.26502723634957,2,Furniture,East
Fellowes File Cart Standard,50%,286.9178620740812,2,Office Supplies,South
Sauder Bookcase Standard,30%,286.1164261911648,1,Furniture,West
Harbour Creations Chair Standard,50%,283.13360893036145,1,Furniture,West
Honeywell Fan Deluxe,30%,282.8629406926889,2,Office Supplies,Central
IRIS Storage Box Value,70%,282.21298080760096,1,Office Supplies,West
IRIS Storage Box Standard,30%,280.3724703266653,4,Office Supplies,East
Apple iPhone Accessory Standard,30%,279.8712869259389,2,Technology,West
Cisco IP Phone Pro,70%,272.83601706894876,1,Technology,East
Hoover Vacuum Pro,50%,271.0306995183921,1,Office Supplies,West
Fellowes File Cart Deluxe,40%,269.6033085541571,2,Office Supplies,Central
Bevis Table Deluxe,70%,268.9359912224087,1,Furniture,West
Fellowes File Cart Classic,70%,267.27422731451486,1,Office Supplies,Central
Hon Task Chair Standard,40%,263.04691747689674,2,Furniture,Central
Bush Classic Bookcase Classic,50%,261.1040377249349,1,Furniture,Central
Honeywell Fan Value,30%,258.26979108664614,1,Office Supplies,West
Bush Classic Bookcase Value,50%,258.1332158746526,1,Furniture,West
Global Deluxe Chair Pro,30%,257.5980651313028,3,Furniture,Central
SAFCO Storage Bin Standard,30%,257.1656572821434,2,Office Supplies,West
Honeywell Fan Classic,40%,254.80409637006358,3,Office Supplies,Central
Fellowes File Cart Deluxe,50%,253.99493270925691,1,Office Supplies,Central
Samsung Galaxy Dock Standard,30%,253.65242702983218,1,Technology,Central
Bevis Table Value,30%,251.54715270427263,1,Furniture,Central
Honeywell Fan Standard,50%,250.5124043768845,2,Office Supplies,East
O'Sullivan Bookcase Deluxe,30%,250.24451969870353,2,Furniture,South
IRIS Storage Box Pro,60%,250.1498947123061,1,Office Supplies,West
O'Sullivan Bookcase Deluxe,40%,248.14423644731716,1,Furniture,South
Fellowes File Cart Classic,30%,247.86097984599033,3,Office Supplies,East
Harbour Creations Chair Deluxe,50%,247.2913340565127,2,Furniture,East
IRIS Storage Box Standard,70%,247.094002884009,2,Office Supplies,Central
Logitech Mouse Standard,40%,241.76529228372692,3,Technology,West
Avanti Refrigerator Deluxe,30%,241.10858013986453,3,Office Supplies,South
Global Deluxe Chair Standard,40%,240.59577139442663,2,Furniture,Central
Fellowes File Cart Pro,30%,240.26412361026308,4,Office Supplies,Central
Bush Classic Bookcase Value,30%,232.54679476377908,2,Furniture,East
Harbour Creations Chair Standard,30%,232.26872061940415,2,Furniture,East
Tenex Chairmat Value,50%,232.04395215292453,3,Furniture,East
Fellowes File Cart Pro,50%,228.05817877495156,2,Office Supplies,East
SanDisk USB Drive Value,30%,227.81616111954588,5,Technology,East
Hoover Vacuum Value,40%,226.40505016205586,2,Office Supplies,East
Chromcraft Round Table Pro,30%,223.0779827767431,2,Furniture,Central
Samsung Galaxy Dock Deluxe,30%,222.81748591034534,1,Technology,West
Avanti Refrigerator Pro,50%,221.8286762515362,2,Office Supplies,East
Avanti Refrigerator Value,60%,220.439417017643,1,Office Supplies,East
Honeywell Fan Pro,60%,214.3203212618936,1,Office Supplies,Central
Lexmark Printer Classic,40%,213.84709498737698,1,Technology,West
Bush Classic Bookcase Standard,30%,213.29756171170607,1,Furniture,East
Bevis Table Value,70%,212.8746902456865,1,Furniture,West
Global Deluxe Chair Value,30%,211.77044274092069,2,Furniture,Central
Fellowes File Cart Value,60%,211.18461975082874,1,Office Supplies,Central
Global Deluxe Chair Deluxe,40%,209.4047459451205,1,Furniture,East
SAFCO Storage Bin Value,70%,208.81352744261568,1,Office Supplies,Central
SAFCO Storage Bin Value,40%,206.3518807272389,2,Office Supplies,East
Sauder Bookcase Classic,60%,206.06135300479107,1,Furniture,South
Hon Task Chair Standard,30%,204.50969738424993,1,Furniture,East
Sauder Bookcase Classic,40%,202.30141952642634,1,Furniture,West
Global Deluxe Chair Pro,70%,200.81729004287774,1,Furniture,East
O'Sullivan Bookcase Standard,70%,199.3197462369377,1,Furniture,South
Sauder Bookcase Standard,40%,196.8550907284685,2,Furniture,Central
Lexmark Printer Pro,30%,195.45146747179763,1,Technology,West
IRIS Storage Box Pro,40%,193.92625320002017,2,Office Supplies,Central
SAFCO Storage Bin Value,30%,191.85217089768173,3,Office Supplies,Central
Avanti Refrigerator Value,40%,190.23883519515465,2,Office Supplies,Central
Chromcraft Round Table Standard,30%,189.27752169503404,1,Furniture,Central
Samsung Galaxy Dock Classic,60%,186.69898431914845,1,Technology,Central
O'Sullivan Bookcase Deluxe,50%,182.6755771537794,1,Furniture,Central
SAFCO Storage Bin Deluxe,40%,179.45047797796417,1,Office Supplies,East
SAFCO Storage Bin Pro,50%,175.78708646193743,1,Office Supplies,West
Belkin Cable Standard,40%,174.04294760556752,2,Technology,Central
IRIS Storage Box Deluxe,50%,171.15967654641003,2,Office Supplies,East
SanDisk USB Drive Standard,70%,170.27438232020742,1,Technology,East
Bretford Conference Table Pro,80%,169.16349761197887,1,Furniture,West
Belkin Cable Deluxe,40%,168.68478181257086,2,Technology,West
Tenex Chairmat Pro,40%,166.51329733816718,2,Furniture,West
SanDisk USB Drive Standard,40%,163.26419144416926,2,Technology,East
Honeywell Fan Deluxe,60%,161.207059087073,1,Office Supplies,East
Stanley Hole Punch Classic,40%,160.1429701298742,5,Office Supplies,East
Belkin Cable Value,80%,159.1179008267962,1,Technology,Central
Fellowes Wall Clock Value,40%,157.13759245975587,2,Furniture,Central
Eldon Desk Lamp Pro,40%,156.08711728478835,2,Furniture,Central
SanDisk USB Drive Deluxe,40%,155.58725269432722,1,Technology,South
SAFCO Storage Bin Classic,60%,155.290522098293,1,Office Supplies,South
Avanti Refrigerator Value,50%,155.0793339169469,1,Office Supplies,East
Bevis Table Standard,60%,154.21524383632374,1,Furniture,South
Honeywell Fan Pro,30%,153.92788647380704,3,Office Supplies,West
Global Deluxe Chair Deluxe,30%,151.73292867786466,2,Furniture,Central
Fellowes File Cart Value,30%,151.36985753205332,1,Office Supplies,East
Logitech Mouse Value,30%,150.97769880681997,5,Technology,East
Global Deluxe Chair Standard,60%,150.16510455478212,1,Furniture,West
Stanley Hole Punch Standard,80%,149.62644425720816,2,Office Supplies,Central
Avanti Refrigerator Value,30%,148.81178595882227,2,Office Supplies,Central
Fellowes Wall Clock Pro,70%,148.77922923815615,1,Furniture,West
Fellowes Wall Clock Standard,50%,148.4685106143735,1,Furniture,Central
Cisco IP Phone Deluxe,30%,147.8404128471724,1,Technology,West
Avanti Refrigerator Standard,70%,147.74501829009668,1,Office Supplies,Central
Hoover Vacuum Pro,30%,144.43894769129534,1,Office Supplies,West
Bevis Table Standard,30%,144.02215360784822,1,Furniture,South
Honeywell Fan Pro,50%,140.88107854391433,2,Office Supplies,East
Belkin Cable Pro,60%,139.38139327666752,1,Technology,East
Cisco IP Phone Pro,30%,138.1266060722095,1,Technology,West
SAFCO Storage Bin Classic,30%,135.92588067881655,2,Office Supplies,Central
Sauder Bookcase Deluxe,50%,131.28848715465966,1,Furniture,East
IRIS Storage Box Value,60%,130.77608216473035,1,Office Supplies,West
IRIS Storage Box Deluxe,40%,129.9571644466871,1,Office Supplies,South
Hon Task Chair Deluxe,50%,127.226848847051,1,Furniture,South
Fellowes File Cart Pro,70%,125.01723991407025,1,Office Supplies,Central
Hon Task Chair Pro,40%,124.43370969449998,1,Furniture,South
Elmer's Glue Pack Classic,60%,122.22470461554904,1,Office Supplies,East
Eldon Desk Lamp Standard,30%,122.12757590696465,3,Furniture,Central
SanDisk USB Drive Value,40%,120.58575000950978,2,Technology,Central
Elmer's Glue Pack Pro,30%,120.56433494315615,6,Office Supplies,West
Poly String Envelope Standard,60%,118.9589508166583,3,Office Supplies,West
Apple iPhone Accessory Classic,40%,118.61008638611456,1,Technology,South
Fellowes Wall Clock Value,30%,118.29418589901599,3,Furniture,West
Elmer's Glue Pack Deluxe,60%,118.27337948044024,2,Office Supplies,Central
Hon Task Chair Deluxe,60%,117.29374952004383,1,Furniture,East
IRIS Storage Box Deluxe,30%,117.27259602238036,2,Office Supplies,Central
Honeywell Fan Classic,50%,115.59786287421593,1,Office Supplies,South
GBC Binding System Pro,30%,113.99392875806761,6,Office Supplies,Central
Tenex Chairmat Classic,40%,112.93920041617392,4,Furniture,Central
Eldon Desk Lamp Pro,50%,112.86743959985267,3,Furniture,Central
Harbour Creations Chair Classic,40%,111.97766918851923,1,Furniture,East
Tenex Chairmat Value,70%,111.92274131947809,1,Furniture,East
Hoover Vacuum Standard,80%,111.53501807296063,1,Office Supplies,West
Bretford Conference Table Deluxe,60%,110.67878172195688,1,Furniture,East
Fellowes Wall Clock Value,80%,107.45314107907953,1,Furniture,West
Newell Scissors Deluxe,40%,107.33519187862564,4,Office Supplies,Central
Elmer's Glue Pack Standard,40%,106.95917222349722,4,Office Supplies,East
Fellowes Wall Clock Classic,60%,106.09125201139955,1,Furniture,East
Elmer's Glue Pack Standard,50%,105.72642558248474,2,Office Supplies,East
Acco Binder Standard,40%,105.2158311471389,4,Office Supplies,Central
Kraft Clasp Envelope Pro,70%,104.54784785030152,3,Office Supplies,South
GBC Binding System Deluxe,40%,104.01804163586188,3,Office Supplies,East
Fellowes Wall Clock Classic,80%,103.11298268742368,1,Furniture,West
SanDisk USB Drive Standard,30%,101.64567325092024,4,Technology,East
Eldon Desk Lamp Deluxe,40%,101.48990119100702,2,Furniture,East
IRIS Storage Box Value,30%,101.12791289043116,2,Office Supplies,East
Belkin Cable Classic,50%,99.18136778439987,1,Technology,West
Belkin Cable Value,70%,99.02179135483888,1,Technology,West
SAFCO Storage Bin Classic,50%,98.83224254866315,2,Office Supplies,Central
IRIS Storage Box Standard,50%,98.63535095057793,2,Office Supplies,East
SAFCO Storage Bin Value,80%,98.42214399448454,1,Office Supplies,West
Eldon Desk Lamp Value,70%,98.40376572769041,2,Furniture,East
Fellowes Wall Clock Classic,50%,97.71821717299005,2,Furniture,South
Stanley Hole Punch Standard,40%,97.66559894826304,4,Office Supplies,East
Elmer's Glue Pack Classic,70%,97.33592307313425,1,Office Supplies,West
Belkin Cable Deluxe,30%,96.26465796187026,2,Technology,East
Prismacolor Pencils Standard,40%,96.05795961624278,4,Office Supplies,East
Apple iPhone Accessory Pro,50%,94.75962153202084,1,Technology,West
Wilson Jones Binder Standard,70%,93.28967128141578,1,Office Supplies,Central
Sauder Bookcase Pro,30%,93.236940885027,1,Furniture,East
Sauder Bookcase Value,30%,92.07782628924966,1,Furniture,South
Belkin Cable Pro,70%,90.3435440939539,1,Technology,Central
Harbour Creations Chair Pro,60%,90.28115579466467,1,Furniture,Central
Tenex Chairmat Deluxe,40%,89.8185126952431,1,Furniture,Central
Kraft Clasp Envelope Classic,80%,89.60955931812366,4,Office Supplies,Central
Fellowes Wall Clock Standard,40%,89.10333578901792,3,Furniture,South
Stanley Hole Punch Pro,40%,88.11423355560655,3,Office Supplies,East
Tenex Chairmat Standard,40%,87.7927214155083,2,Furniture,Central
Kraft Clasp Envelope Deluxe,80%,87.6587204544881,1,Office Supplies,East
Apple iPhone Accessory Deluxe,40%,85.32536824252836,1,Technology,East
Fellowes Wall Clock Value,60%,83.53573912874894,1,Furniture,Central
Fellowes Wall Clock Classic,40%,82.22849350212935,1,Furniture,East
Hon Task Chair Pro,60%,81.50886583043496,1,Furniture,East
Stanley Hole Punch Deluxe,40%,80.40879343680932,4,Office Supplies,East
GBC Binding System Standard,60%,76.89241187204075,1,Office Supplies,East
Apple iPhone Accessory Value,40%,76.48994503135074,1,Technology,Central
SAFCO Storage Bin Standard,40%,72.04984328873371,1,Office Supplies,West
Elmer's Glue Pack Classic,40%,70.62845741754353,4,Office Supplies,West
Eldon Desk Lamp Value,30%,70.34270093916089,3,Furniture,Central
Cisco IP Phone Standard,30%,70.11284131905967,1,Technology,Central
Fellowes File Cart Value,40%,70.08309638000937,1,Office Supplies,West
Acco Binder Standard,30%,69.95138975799846,5,Office Supplies,Central
Fellowes Wall Clock Classic,30%,69.81198489477023,3,Furniture,Central
Sharpie Marker Set Classic,30%,69.56200803212853,4,Office Supplies,East
IRIS Storage Box Value,40%,69.33329648424083,2,Office Supplies,Central
Elmer's Glue Pack Pro,60%,69.28533014018616,1,Office Supplies,West
HP Premium Paper Deluxe,60%,69.26706657728073,2,Office Supplies,Central
Elmer's Glue Pack Value,40%,69.19773195379315,3,Office Supplies,South
Elmer's Glue Pack Deluxe,50%,68.40773869220345,2,Office Supplies,East
Newell Scissors Standard,40%,67.53299196787151,4,Office Supplies,Central
Honeywell Fan Value,50%,67.52076013555082,1,Office Supplies,West
Fellowes Wall Clock Standard,80%,67.16728330199105,1,Furniture,East
Elmer's Glue Pack Standard,80%,67.16305834750705,1,Office Supplies,South
Eldon Desk Lamp Pro,30%,66.85375395702182,2,Furniture,South
SAFCO Storage Bin Deluxe,50%,66.18393666750767,1,Office Supplies,West
Acco Binder Deluxe,30%,65.85310053764529,5,Office Supplies,Central
Prismacolor Pencils Pro,30%,65.4238152610442,6,Office Supplies,South
IRIS Storage Box Deluxe,80%,64.98146920022883,1,Office Supplies,South
SAFCO Storage Bin Pro,30%,64.90502994519602,1,Office Supplies,East
Harbour Creations Chair Classic,50%,64.68093239649907,1,Furniture,South
Fellowes Wall Clock Standard,60%,64.57114334735658,1,Furniture,South
Honeywell Fan Deluxe,40%,64.14256452379884,1,Office Supplies,West
Hoover Vacuum Pro,60%,63.39854269112679,1,Office Supplies,East
Poly String Envelope Value,30%,62.9188349004597,6,Office Supplies,East
GBC Binding System Value,40%,62.70264275805978,3,Office Supplies,West
IRIS Storage Box Classic,60%,62.598518777865785,1,Office Supplies,Central
Logitech Mouse Classic,40%,62.380364330826474,1,Technology,West
Acco Binder Classic,80%,62.11727442580718,1,Office Supplies,East
Poly String Envelope Standard,70%,61.76742245260641,3,Office Supplies,Central
Avery Label Set Standard,40%,61.526633653381566,5,Office Supplies,East
Fellowes Wall Clock Deluxe,30%,61.016938269074714,2,Furniture,West
Elmer's Glue Pack Value,30%,60.76816872284742,3,Office Supplies,Central
Sharpie Marker Set Deluxe,40%,60.6312449799197,4,Office Supplies,South
Tenex Chairmat Value,30%,59.44441848742755,4,Furniture,East
IRIS Storage Box Deluxe,60%,59.225213277195905,1,Office Supplies,Central
SAFCO Storage Bin Standard,50%,58.976757700752984,1,Office Supplies,Central
Newell Scissors Value,30%,58.768514056224916,4,Office Supplies,South
Kraft Clasp Envelope Pro,30%,58.158252968648384,4,Office Supplies,West
Logitech Mouse Standard,30%,58.022653754265605,1,Technology,East
GBC Binding System Classic,40%,56.319765498967925,2,Office Supplies,East
Elmer's Glue Pack Deluxe,40%,56.16831220113369,3,Office Supplies,West
Prismacolor Pencils Pro,60%,56.05418674698796,1,Office Supplies,West
Tenex Chairmat Standard,30%,56.048076118836676,1,Furniture,South
Tenex Chairmat Pro,30%,55.75255852791865,2,Furniture,Central
Acco Binder Value,30%,55.74799104731842,3,Office Supplies,Central
Eldon Desk Lamp Classic,30%,55.588794517361045,1,Furniture,East
Poly String Envelope Standard,50%,55.37603141187624,3,Office Supplies,West
Fellowes Wall Clock Pro,30%,54.72225016409698,2,Furniture,East
Fellowes File Cart Standard,40%,54.710881426356195,1,Office Supplies,South
Kraft Clasp Envelope Classic,40%,54.63022654112491,5,Office Supplies,Central
Avanti Refrigerator Standard,40%,54.598355076497036,1,Office Supplies,Central
Logitech Mouse Deluxe,30%,54.11962609587831,2,Technology,South
SanDisk USB Drive Pro,30%,53.48390544169861,2,Technology,Central
Sharpie Marker Set Deluxe,30%,53.31068273092372,4,Office Supplies,East
Stanley Hole Punch Deluxe,30%,53.28875514868591,4,Office Supplies,Central
SAFCO Storage Bin Value,60%,52.79862033271968,1,Office Supplies,West
SanDisk USB Drive Deluxe,80%,52.67033858701056,1,Technology,East
Stanley Hole Punch Pro,50%,52.641145477352964,2,Office Supplies,Central
Honeywell Fan Standard,30%,52.597677780691306,1,Office Supplies,West
Prismacolor Pencils Standard,30%,52.541137884872846,4,Office Supplies,Central
Boise Copy Paper Value,70%,51.78488019841852,2,Office Supplies,Central
HP Premium Paper Standard,50%,50.819828854883596,1,Office Supplies,West
Hon Task Chair Pro,50%,50.67404139075911,1,Furniture,West
Wilson Jones Binder Value,40%,50.016880992372066,2,Office Supplies,East
GBC Binding System Value,30%,49.75242496423897,2,Office Supplies,Central
Acco Binder Classic,30%,49.46284073360254,5,Office Supplies,Central
Tenex Chairmat Deluxe,30%,49.410448780974185,2,Furniture,Central
HP Premium Paper Value,50%,49.24916523283059,2,Office Supplies,East
ACCO Fasteners Pro,70%,49.09197071941797,3,Office Supplies,Central
Sharpie Label Tape Pro,50%,48.66340372621248,2,Office Supplies,East
Sharpie Marker Set Value,30%,48.64035475234273,4,Office Supplies,East
Xerox Multipurpose Paper Standard,40%,48.5867672639967,2,Office Supplies,Central
Kraft Clasp Envelope Classic,50%,47.86396036927158,1,Office Supplies,East
Acco Binder Pro,50%,47.79098152410813,2,Office Supplies,East
Poly String Envelope Deluxe,30%,47.71856392037188,3,Office Supplies,East
Stanley Hole Punch Standard,30%,47.560514484587955,2,Office Supplies,Central
Wilson Jones Binder Deluxe,50%,47.49995962604277,1,Office Supplies,West
SAFCO Storage Bin Value,50%,46.22296622992038,1,Office Supplies,Central
Avery Label Set Deluxe,40%,46.05136164563302,5,Office Supplies,East
Wilson Jones Binder Value,50%,46.04935083570595,3,Office Supplies,Central
IRIS Storage Box Value,50%,45.99005040894403,1,Office Supplies,East
Stanley Hole Punch Classic,50%,45.69442440038104,2,Office Supplies,East
Logitech Mouse Pro,40%,45.60570589960405,2,Technology,East
Acco Binder Value,50%,45.5022031421775,2,Office Supplies,West
Eldon Desk Lamp Value,50%,45.377678253620516,2,Furniture,East
Acco Binder Pro,30%,45.36721630179046,3,Office Supplies,Central
Tenex Chairmat Value,40%,44.03501231073457,1,Furniture,East
Newell Scissors Value,70%,43.86908969210174,2,Office Supplies,East
Fellowes File Cart Standard,30%,43.701441908830034,2,Office Supplies,Central
SAFCO Storage Bin Deluxe,60%,43.5251749093616,1,Office Supplies,West
HP Premium Paper Deluxe,30%,43.270698661694894,3,Office Supplies,Central
SanDisk USB Drive Classic,50%,42.843248046206355,2,Technology,East
Logitech Mouse Deluxe,40%,42.649113270949385,1,Technology,West
Newell Scissors Standard,80%,42.24659638554218,2,Office Supplies,East
Xerox Multipurpose Paper Pro,70%,42.10140244423293,2,Office Supplies,Central
ACCO Fasteners Classic,70%,41.742123677682216,3,Office Supplies,East
Acco Binder Standard,70%,41.62332815987387,1,Office Supplies,West
SanDisk USB Drive Deluxe,30%,41.491437855925454,2,Technology,South
SAFCO Storage Bin Classic,40%,41.418758001300624,1,Office Supplies,Central
Sharpie Label Tape Classic,30%,41.39569911603618,6,Office Supplies,West
GBC Binding System Standard,30%,41.25283119316404,4,Office Supplies,West
Poly String Envelope Deluxe,70%,40.92095472061309,1,Office Supplies,South
Kraft Clasp Envelope Deluxe,30%,40.546077954473944,3,Office Supplies,Central
Elmer's Glue Pack Value,50%,40.34242101755235,1,Office Supplies,East
Prismacolor Pencils Standard,50%,40.225977242302555,2,Office Supplies,Central
Sharpie Marker Set Value,60%,39.953042168674706,1,Office Supplies,South
Sharpie Label Tape Value,40%,39.60138183704137,3,Office Supplies,Central
Sharpie Label Tape Standard,30%,39.502614133542565,7,Office Supplies,East
HP Premium Paper Deluxe,40%,38.856636159515816,2,Office Supplies,Central
Poly String Envelope Classic,80%,38.32179875707885,1,Office Supplies,West
Kraft Clasp Envelope Deluxe,40%,38.24150361737639,3,Office Supplies,East
ACCO Fasteners Pro,40%,38.14728942531394,4,Office Supplies,West
Prismacolor Pencils Deluxe,30%,38.13653949129855,3,Office Supplies,East
Avery Label Set Standard,60%,38.113901369070575,3,Office Supplies,East
Wilson Jones Binder Pro,30%,38.07053868896247,2,Office Supplies,West
Tenex Chairmat Deluxe,60%,37.805783718811185,1,Furniture,Central
Kraft Clasp Envelope Pro,60%,37.47187681815068,1,Office Supplies,East
GBC Binding System Classic,70%,37.351777194015796,1,Office Supplies,West
Poly String Envelope Value,50%,37.20757641189426,3,Office Supplies,Central
Fellowes Wall Clock Value,70%,37.20447063841337,1,Furniture,Central
GBC Binding System Pro,50%,36.78593726131737,1,Office Supplies,Central
Avery Label Set Pro,60%,36.197301887043366,3,Office Supplies,East
Xerox Multipurpose Paper Value,30%,36.125517056983895,4,Office Supplies,Central
Eldon Desk Lamp Classic,40%,35.86351272755472,2,Furniture,West
Stanley Hole Punch Classic,60%,35.599352232321095,1,Office Supplies,East
Stanley Hole Punch Value,40%,35.53963702709302,2,Office Supplies,Central
Avery Label Set Standard,50%,35.25773089351969,3,Office Supplies,West
Sharpie Marker Set Deluxe,60%,35.06770080321286,1,Office Supplies,West
HP Premium Paper Standard,80%,34.72812994215845,2,Office Supplies,Central
Eldon Desk Lamp Standard,40%,34.435396302256,1,Furniture,Central
Prismacolor Pencils Deluxe,40%,34.3204462293619,1,Office Supplies,Central
Xerox Multipurpose Paper Classic,50%,34.112332881827506,3,Office Supplies,East
Acco Binder Standard,50%,33.80465445310766,2,Office Supplies,East
Kraft Clasp Envelope Standard,30%,33.68814022721316,5,Office Supplies,Central
Poly String Envelope Classic,40%,33.61185994787518,2,Office Supplies,Central
Kraft Clasp Envelope Standard,40%,33.60824309418155,3,Office Supplies,West
Sharpie Label Tape Standard,50%,33.45557023551471,3,Office Supplies,East
Sharpie Marker Set Standard,40%,32.956674475680515,2,Office Supplies,East
Avery Label Set Pro,30%,32.88230979009421,4,Office Supplies,East
Acco Binder Value,40%,32.327198327015076,1,Office Supplies,South
Xerox Multipurpose Paper Standard,30%,32.240872996987655,3,Office Supplies,South
Elmer's Glue Pack Deluxe,30%,32.186758264732845,2,Office Supplies,Central
Newell Scissors Deluxe,50%,32.15618473895583,1,Office Supplies,East
Prismacolor Pencils Pro,50%,31.884919678714866,3,Office Supplies,Central
Newell Scissors Deluxe,80%,31.542215528781803,1,Office Supplies,East
Logitech Mouse Classic,50%,31.474832763361825,1,Technology,South
Eldon Desk Lamp Classic,60%,30.73482445086369,1,Furniture,East
Boise Copy Paper Classic,30%,30.7233750366086,2,Office Supplies,East
Tenex Chairmat Standard,70%,30.57863547947241,1,Furniture,South
Kraft Clasp Envelope Classic,30%,30.376026051083567,4,Office Supplies,West
Prismacolor Pencils Pro,40%,30.246099955377073,2,Office Supplies,East
Sharpie Label Tape Deluxe,40%,30.209835687150637,4,Office Supplies,East
Newell Scissors Pro,50%,30.082690763052213,1,Office Supplies,East
HP Premium Paper Value,70%,29.89332948943233,1,Office Supplies,West
Newell Scissors Standard,70%,29.88527666220437,1,Office Supplies,Central
Avery Label Set Classic,30%,29.55732647009094,3,Office Supplies,Central
Belkin Cable Pro,30%,29.382088343920284,1,Technology,East
Bostitch Staples Pro,70%,29.06062224450185,3,Office Supplies,West
Bostitch Staples Standard,80%,28.994710986002392,1,Office Supplies,West
Eldon Desk Lamp Value,40%,28.734306753778846,1,Furniture,South
Poly String Envelope Value,40%,28.72043192231022,2,Office Supplies,South
Sharpie Marker Set Standard,70%,28.6781593038822,1,Office Supplies,East
SanDisk USB Drive Classic,30%,28.519001978378792,1,Technology,South
SanDisk USB Drive Pro,80%,28.282270900898588,1,Technology,Central
Bostitch Staples Value,50%,28.26374773454671,3,Office Supplies,West
Xerox Multipurpose Paper Deluxe,30%,28.064520179172867,4,Office Supplies,East
Xerox Multipurpose Paper Value,70%,27.866100301410654,1,Office Supplies,Central
Sharpie Label Tape Standard,70%,27.812251552588528,1,Office Supplies,West
Sharpie Label Tape Value,70%,27.59904395565425,1,Office Supplies,Central
ACCO Fasteners Classic,50%,27.413201326495198,4,Office Supplies,Central
HP Premium Paper Value,60%,27.362437239163867,1,Office Supplies,West
Tenex Chairmat Deluxe,50%,27.232020007367055,1,Furniture,Central
Kraft Clasp Envelope Classic,70%,27.185748546380637,1,Office Supplies,South
Bostitch Staples Standard,70%,26.09580380210542,2,Office Supplies,Central
Prismacolor Pencils Classic,60%,26.025650937081664,1,Office Supplies,East
Avery Label Set Classic,50%,25.310465178132105,2,Office Supplies,South
HP Premium Paper Value,80%,25.192012510982583,1,Office Supplies,East
Bostitch Staples Deluxe,30%,25.18538442469881,6,Office Supplies,Central
Newell Scissors Classic,80%,24.91470548862116,1,Office Supplies,Central
HP Premium Paper Standard,40%,24.770330605994054,2,Office Supplies,East
Prismacolor Pencils Value,30%,24.67259705488622,2,Office Supplies,South
Elmer's Glue Pack Classic,50%,24.452530865167862,1,Office Supplies,West
Wilson Jones Binder Deluxe,30%,24.271061615352792,2,Office Supplies,East
Newell Scissors Standard,30%,24.203908969210183,2,Office Supplies,East
Belkin Cable Standard,60%,24.17414207475769,1,Technology,Central
Bostitch Staples Value,70%,24.098310518130045,1,Office Supplies,South
Wilson Jones Binder Classic,30%,23.866642562140818,2,Office Supplies,West
Sharpie Label Tape Standard,40%,23.849363516275027,3,Office Supplies,East
Kraft Clasp Envelope Standard,70%,23.558621467786057,1,Office Supplies,South
Newell Scissors Pro,40%,23.546881972333786,2,Office Supplies,East
Poly String Envelope Standard,30%,23.382192883483356,3,Office Supplies,West
Bostitch Staples Value,80%,22.926999961439094,2,Office Supplies,South
Kraft Clasp Envelope Deluxe,70%,22.881108139186978,1,Office Supplies,West
Elmer's Glue Pack Value,70%,22.85962293197349,1,Office Supplies,East
Xerox Multipurpose Paper Classic,30%,22.805118023450426,3,Office Supplies,East
Logitech Mouse Pro,50%,22.800374156546457,1,Technology,West
Sharpie Marker Set Pro,60%,22.797054886211516,1,Office Supplies,South
HP Premium Paper Classic,40%,22.769492528798757,2,Office Supplies,Central
Kraft Clasp Envelope Pro,50%,22.699288420430335,2,Office Supplies,East
Poly String Envelope Standard,40%,22.69638584987618,2,Office Supplies,East
Bostitch Staples Deluxe,50%,22.549880846797514,2,Office Supplies,East
Wilson Jones Binder Deluxe,70%,22.547073563913482,1,Office Supplies,Central
Logitech Mouse Value,70%,22.484138385894646,1,Technology,West
Sharpie Label Tape Classic,50%,22.2309391332101,2,Office Supplies,South
ACCO Fasteners Value,40%,22.099559762978952,2,Office Supplies,East
Poly String Envelope Classic,30%,21.141143877804826,3,Office Supplies,East
Stanley Hole Punch Value,70%,21.13635638540353,1,Office Supplies,South
Kraft Clasp Envelope Value,70%,21.092809261348684,1,Office Supplies,Central
Wilson Jones Binder Standard,80%,20.767903403122606,1,Office Supplies,Central
Kraft Clasp Envelope Value,50%,20.43858610509316,1,Office Supplies,South
Xerox Multipurpose Paper Classic,40%,20.38229184970958,1,Office Supplies,East
ACCO Fasteners Pro,50%,20.3168125554313,3,Office Supplies,Central
Sharpie Label Tape Pro,30%,20.21409838728369,3,Office Supplies,Central
Elmer's Glue Pack Standard,70%,20.06701824820195,1,Office Supplies,West
Boise Copy Paper Deluxe,70%,19.920535888612292,1,Office Supplies,Central
Xerox Multipurpose Paper Classic,60%,19.777856293015088,1,Office Supplies,South
Xerox Multipurpose Paper Value,40%,19.65761112229707,1,Office Supplies,East
Stanley Hole Punch Pro,30%,19.50439107062575,3,Office Supplies,Central
Sharpie Label Tape Value,50%,19.490703618495417,2,Office Supplies,East
Newell Scissors Classic,40%,19.443322177599292,1,Office Supplies,West
Elmer's Glue Pack Standard,30%,19.385484044968436,1,Office Supplies,East
GBC Binding System Deluxe,50%,19.127957759402676,1,Office Supplies,South
Belkin Cable Value,50%,19.037606819043557,1,Technology,West
Boise Copy Paper Pro,50%,19.03103986674477,1,Office Supplies,Central
Sharpie Marker Set Standard,50%,19.029397590361448,1,Office Supplies,West
Wilson Jones Binder Standard,40%,18.880802404726488,1,Office Supplies,East
Bostitch Staples Classic,30%,18.697476519162016,3,Office Supplies,East
Sharpie Marker Set Standard,30%,18.59858099062919,3,Office Supplies,East
Newell Scissors Deluxe,30%,18.323125836680063,2,Office Supplies,East
IRIS Storage Box Classic,40%,18.234127238393732,1,Office Supplies,West
Avery Label Set Deluxe,50%,18.20973615968722,2,Office Supplies,Central
SanDisk USB Drive Value,60%,18.186063243831242,1,Technology,Central
Prismacolor Pencils Value,60%,18.0606124497992,1,Office Supplies,South
Acco Binder Classic,40%,18.020135634357594,1,Office Supplies,East
Boise Copy Paper Classic,40%,17.929754798774844,3,Office Supplies,Central
Stanley Hole Punch Classic,80%,17.893442153943855,1,Office Supplies,South
Stanley Hole Punch Value,60%,17.750655124388118,1,Office Supplies,East
Bostitch Staples Standard,30%,17.616972142499076,4,Office Supplies,South
Avery Label Set Standard,30%,17.359890848609083,4,Office Supplies,East
Belkin Cable Standard,30%,17.31118732964619,1,Technology,East
Poly String Envelope Value,60%,17.113835401263827,2,Office Supplies,Central
Bostitch Staples Pro,30%,16.863285389272356,4,Office Supplies,East
Sharpie Marker Set Pro,70%,16.81263944667559,1,Office Supplies,Central
Bostitch Staples Pro,60%,16.80965757914626,1,Office Supplies,West
Boise Copy Paper Value,30%,16.682205510114436,2,Office Supplies,South
Acco Binder Pro,40%,16.56943262646865,2,Office Supplies,East
ACCO Fasteners Standard,30%,16.502678936380008,2,Office Supplies,South
Sharpie Label Tape Deluxe,50%,16.470726092796255,2,Office Supplies,Central
Sharpie Label Tape Value,30%,16.37982997991941,4,Office Supplies,East
Poly String Envelope Pro,50%,16.236146764187435,2,Office Supplies,Central
Xerox Multipurpose Paper Pro,40%,16.22066130350955,2,Office Supplies,Central
Prismacolor Pencils Value,40%,16.13132641677823,1,Office Supplies,Central
Stanley Hole Punch Deluxe,70%,16.087740892928437,1,Office Supplies,Central
Boise Copy Paper Classic,50%,15.868743410455412,1,Office Supplies,South
Avery Label Set Value,30%,15.569461842132762,3,Office Supplies,Central
Sharpie Label Tape Pro,40%,15.560100668909662,2,Office Supplies,East
Bostitch Staples Value,40%,15.513213023303637,2,Office Supplies,East
Boise Copy Paper Standard,40%,15.498021626519261,2,Office Supplies,Central
ACCO Fasteners Value,50%,15.404256352909417,1,Office Supplies,West
Acco Binder Deluxe,80%,15.303957137189311,1,Office Supplies,South
GBC Binding System Deluxe,60%,15.255446499263304,1,Office Supplies,Central
Avery Label Set Classic,80%,15.210077695918724,1,Office Supplies,Central
Newell Scissors Classic,50%,15.155943775100404,1,Office Supplies,East
Bostitch Staples Deluxe,40%,15.044928726590314,3,Office Supplies,East
SanDisk USB Drive Pro,40%,14.884695476303548,1,Technology,West
ACCO Fasteners Deluxe,80%,14.767733775498403,2,Office Supplies,East
Boise Copy Paper Deluxe,30%,14.466359289688942,3,Office Supplies,Central
Poly String Envelope Classic,60%,14.424447958083851,1,Office Supplies,West
Avery Label Set Pro,50%,14.365576086811975,2,Office Supplies,South
Sharpie Label Tape Classic,80%,14.176717488729606,1,Office Supplies,Central
Boise Copy Paper Value,40%,14.125427557719537,1,Office Supplies,South
Bostitch Staples Deluxe,60%,13.88696757027725,1,Office Supplies,West
Sharpie Marker Set Classic,40%,13.836128960285587,1,Office Supplies,West
GBC Binding System Pro,40%,13.707620750466225,1,Office Supplies,Central
Avery Label Set Deluxe,70%,13.671681494385856,1,Office Supplies,East
GBC Binding System Deluxe,30%,13.657684647184798,1,Office Supplies,East
ACCO Fasteners Standard,50%,13.501432537693283,1,Office Supplies,Central
Wilson Jones Binder Pro,40%,13.447584512946174,1,Office Supplies,East
HP Premium Paper Value,40%,13.42645378776786,1,Office Supplies,East
Sharpie Label Tape Deluxe,70%,13.39791817935999,1,Office Supplies,South
GBC Binding System Value,50%,13.35785308423825,1,Office Supplies,East
GBC Binding System Classic,30%,13.213886586383166,3,Office Supplies,East
Stanley Hole Punch Standard,70%,13.201699693260855,1,Office Supplies,Central
Sharpie Marker Set Value,40%,12.950150602409641,2,Office Supplies,East
Sharpie Label Tape Classic,60%,12.949136135750093,1,Office Supplies,South
Sharpie Label Tape Deluxe,30%,12.80603623054871,2,Office Supplies,East
Avery Label Set Value,40%,12.570855087304016,2,Office Supplies,West
ACCO Fasteners Pro,30%,12.227869344629841,4,Office Supplies,East
Xerox Multipurpose Paper Pro,30%,12.187473484927732,1,Office Supplies,Central
Tenex Chairmat Classic,30%,11.984696524467761,1,Furniture,East
Avery Label Set Value,70%,11.973509891795327,1,Office Supplies,Central
ACCO Fasteners Deluxe,50%,11.957768094705585,2,Office Supplies,East
Xerox Multipurpose Paper Value,50%,11.71456325962806,2,Office Supplies,Central
Sharpie Marker Set Deluxe,70%,11.702708612226685,1,Office Supplies,East
Newell Scissors Value,40%,11.658120258813032,2,Office Supplies,East
Boise Copy Paper Deluxe,50%,11.544202939669063,1,Office Supplies,East
Wilson Jones Binder Classic,40%,11.496095150872177,1,Office Supplies,East
Stanley Hole Punch Value,30%,11.360355713508723,2,Office Supplies,South
Poly String Envelope Pro,70%,11.334450544498953,1,Office Supplies,West
ACCO Fasteners Standard,40%,11.310347305235283,2,Office Supplies,South
ACCO Fasteners Classic,30%,11.154831075684042,3,Office Supplies,South
HP Premium Paper Standard,30%,11.151301474279864,1,Office Supplies,East
GBC Binding System Value,70%,11.02359476198882,1,Office Supplies,East
ACCO Fasteners Value,30%,10.9745008290595,1,Office Supplies,Central
Sharpie Marker Set Classic,80%,10.713882195448463,1,Office Supplies,East
Elmer's Glue Pack Classic,30%,10.523418520852317,1,Office Supplies,Central
HP Premium Paper Pro,50%,10.517140229169721,1,Office Supplies,Central
Sharpie Marker Set Pro,30%,10.255957161981263,1,Office Supplies,West
Boise Copy Paper Standard,50%,10.127888234002052,1,Office Supplies,West
Newell Scissors Standard,60%,9.947210508701474,1,Office Supplies,Central
HP Premium Paper Pro,40%,9.912337488407285,1,Office Supplies,South
Poly String Envelope Value,70%,9.855622343742676,1,Office Supplies,East
GBC Binding System Standard,50%,9.854435472453948,1,Office Supplies,East
Elmer's Glue Pack Pro,40%,9.726307979933578,1,Office Supplies,West
Prismacolor Pencils Deluxe,60%,9.671676706827311,1,Office Supplies,East
Newell Scissors Deluxe,60%,9.548562583668005,1,Office Supplies,Central
ACCO Fasteners Pro,60%,9.514277561408244,1,Office Supplies,Central
Poly String Envelope Pro,80%,9.304545475846307,1,Office Supplies,South
GBC Binding System Standard,40%,9.155138480342892,1,Office Supplies,East
Stanley Hole Punch Classic,30%,9.144953863372704,1,Office Supplies,West
Newell Scissors Pro,30%,9.110829986613124,1,Office Supplies,South
Acco Binder Deluxe,70%,8.96286276408384,1,Office Supplies,Central
Avery Label Set Deluxe,30%,8.75345926604215,2,Office Supplies,West
Boise Copy Paper Classic,80%,8.577919030970861,1,Office Supplies,East
Wilson Jones Binder Classic,60%,8.558212456152308,1,Office Supplies,South
Kraft Clasp Envelope Deluxe,50%,8.389780758513542,1,Office Supplies,West
Bostitch Staples Pro,40%,8.352131904009049,2,Office Supplies,Central
Xerox Multipurpose Paper Pro,50%,8.06758493190804,1,Office Supplies,Central
Acco Binder Classic,50%,7.965504892939102,1,Office Supplies,West
Acco Binder Deluxe,50%,7.763174406756258,1,Office Supplies,South
ACCO Fasteners Standard,60%,7.580316970655148,1,Office Supplies,West
HP Premium Paper Classic,30%,7.536763291529824,2,Office Supplies,South
Prismacolor Pencils Deluxe,50%,7.370508701472558,1,Office Supplies,East
Xerox Multipurpose Paper Standard,70%,7.3702736491433605,1,Office Supplies,Central
Boise Copy Paper Classic,70%,7.2766818592278035,1,Office Supplies,West
Xerox Multipurpose Paper Deluxe,80%,7.171271370259192,1,Office Supplies,South
Boise Copy Paper Standard,30%,6.9695650508336335,1,Office Supplies,West
HP Premium Paper Deluxe,70%,6.813477754185581,1,Office Supplies,West
Bostitch Staples Value,30%,6.780057510838369,2,Office Supplies,West
Prismacolor Pencils Classic,40%,6.309825970548864,1,Office Supplies,Central
Prismacolor Pencils Classic,30%,6.213105756358772,1,Office Supplies,East
Kraft Clasp Envelope Value,30%,5.9148085795341325,1,Office Supplies,South
Bostitch Staples Value,60%,5.823782824972042,1,Office Supplies,South
Boise Copy Paper Pro,30%,5.773049337907666,1,Office Supplies,East
Avery Label Set Pro,70%,5.765715498401973,1,Office Supplies,Central
Acco Binder Deluxe,40%,5.743091060460146,1,Office Supplies,Central
Stanley Hole Punch Standard,50%,5.681001581378093,1,Office Supplies,Central
Bostitch Staples Classic,50%,5.654917672463655,1,Office Supplies,West
Bostitch Staples Standard,40%,5.6243368166685945,1,Office Supplies,Central
Sharpie Label Tape Standard,80%,5.5636279705307405,1,Office Supplies,Central
Sharpie Label Tape Classic,40%,5.562058703583032,1,Office Supplies,Central
Bostitch Staples Classic,40%,5.167095721024692,2,Office Supplies,Central
ACCO Fasteners Deluxe,30%,5.027085291217477,1,Office Supplies,South
Avery Label Set Classic,40%,5.0127756648093245,1,Office Supplies,East
Newell Scissors Standard,50%,4.956251673360107,1,Office Supplies,East
Avery Label Set Standard,70%,4.924909282728477,1,Office Supplies,South
Bostitch Staples Deluxe,70%,4.846205478219512,1,Office Supplies,East
Xerox Multipurpose Paper Deluxe,40%,4.7722861906330865,1,Office Supplies,West
HP Premium Paper Pro,30%,4.163375128130037,1,Office Supplies,East
ACCO Fasteners Deluxe,60%,4.090284579493309,1,Office Supplies,East
Avery Label Set Pro,40%,3.7894788134278405,1,Office Supplies,East
ACCO Fasteners Classic,40%,3.560351418398694,1,Office Supplies,West
Poly String Envelope Pro,30%,2.086863622155266,1,Office Supplies,East
ACCO Fasteners Deluxe,40%,1.9851546935050581,1,Office Supplies,West
